workbook_luid,workbook_name,last_viewed_at,total_views,views_count,age_days
00013035-639d-46b1-a0cd-cc697afe8c41,Compliance Affiliate Report,,480,3,
008d1465-e279-45ec-b26a-206ab1b1d78a,Multi Regulation Report,,77,1,
00d5dda1-0b31-4256-8350-f9baed5e6aa2,Benefit Analysis,,3,4,
011a5a80-e868-4702-9635-984d7f659764,Redeems STP - synapse WIP,,18,5,
020902b4-baf9-44e3-98b5-94e18af0ae5d,eToro X - KPI's reports,,511,14,
02ac4764-168a-4e05-83aa-283251a3c43b,US End-to-End Funnel,,964,1,
02b7988e-c9ef-4cf7-9021-cfe458c42bf1,Interest Rate Payments,,3652,2,
0399ff6f-2173-48f4-9e4a-6e8f5365c11f,ESMA CFD Calculation % ,,72,1,
03af96ee-ec24-4eb3-b31e-4713a1a7be0a,Asia commision Report  ,,88,1,
03b10859-4352-4fda-8f33-317dbfb925c3,EMIR Clearing Threshold,,325,4,
03d2ae43-b5b1-499d-89f8-e06bb30dd882,FTDs with High Leverage from Peru,,393,1,
047f0d02-e100-4420-89db-624678ad126f,TIN Gaps Remediation Project,,958,1,
05c5861e-7e16-4b73-8b44-3c5a4bf8d94f,RevenueForum Dashboard,,2939,6,
05ec6c59-e76c-4698-af61-ba0c25f10248,Regulation Transfer:Seychelles,,75,1,
06ecd5b8-85f2-4447-b913-3bc760006616,Client Balance Report - DLT New Sheets - V2,,25,6,
070256c6-4af5-4232-8f67-a66d74e0924e,Weekly Net Deposits Report,,51,1,
073c15a2-29cd-459e-b973-130289b09fd0,Retention Monthly Dashboard,,2209,4,
0798feb4-999f-4888-bf85-a09824575596,AUM Dashboard,,9226,15,
079d8f6f-102f-49f7-9926-5e44a2cf894b,new DDR - with queries,,123,19,
07af580c-c590-4776-ae2e-07aafe26bde3,Upgrade Contact Opportunity Dashboard,,89,1,
09b0e286-9986-4b1a-b65a-f12170f68c7f,CIDs at risk of downgrade ,,64,1,
09cc588c-d8f0-4669-8321-12b3d172ad24,Blocked Accounts with/without Options Account,,502,1,
0a10a0a0-8604-4351-83f4-637fe9fc97e2,"Tax Compliance Monitoring Reports: BRD, CRS, TIN, W8",,101,6,
0add52cc-50b3-4c53-ba52-0489f9ac9faf,Marketing Global Data,,156,4,
0b268bf5-3fe6-44a8-8606-2edbe628c580,OPS - Daily - Heads up report - synapse,,0,3,
0bb07a59-6bc6-4249-81a6-2dfef65de396,Blocked Clients across all products,,65,5,
0bc98066-50cd-4c02-8770-0803227354b6,sandbox - ddr additional available,,3,25,
0bfb8bea-d9a7-418e-abda-24becfd71fa5,Monthly Club Report - New,,2305,7,
0c153170-5de7-4859-825f-ab309ced5d25,OPS_HighCompensationsVsDeposits,,881,1,
0cd36f51-c760-42a0-b5f5-4c7d7a8d3816,Marketing Hierarchy Report - Daily (Relative eCost Added),,1811,1,
0ceacd0c-4e03-442b-a202-8afa1c3b511f,Operations - Automation/Scale,,17,1,
0e12f293-3f47-431f-a56a-6ae3ca0a3257,DDR New Country Level - Yearly,,68,8,
0e48c62a-ddce-45ad-b92c-8cdcf7d43351,QMMF Monitoring Dashboard,,1700,3,
0e74ee89-f9c1-41dc-93b7-a1e173847217,Daily Open and Closed positions,,116,1,
0f7ed582-0e27-4c2e-9af4-be5986f2553f,eToro Money Local Currency (Execution Shortcut) BI Report (EM2) draft ,,86,11,
104d60f1-212e-4792-b3f6-c52688c02a71,Redeems STP- synapse,,12,5,
1087e229-24e6-4af9-91e3-2abb9bdf1c9f,Account Manager Targets 2025,,63929,11,
118f4961-6811-41ce-a9dc-096ae80910ab,OPS Compliance Budget - POs & Actuals,,150,1,
11e4c14d-71c9-4968-ba23-f4ace8602689,PI Dashboard,,43,1,
1213132c-51dc-4a52-be40-d99c0039e3f9,new ddrs monitoring,,211,4,
124aa3c3-b354-4036-be7b-a4850e8906e7,Retention AM and Senior AM KPI ,,53,6,
131fd3f5-1504-498f-bfca-5ad6ad605912,Funded Churn AirDrop 2025,,446,2,
135f4f23-e0ce-4749-abb0-13c4fc1bf50c,US Stocks PFOF Dashboard,,33,1,
135f6e50-a54f-415d-abb9-601ce561a26a,Monthly Club Overview ,,5798,20,
13626d6e-b52f-4829-8e0c-dc0023f881dd,US Cashout Dashboard,,156,4,
147cc9e3-4029-4600-8c6a-8ce6c612e248,Coindesc results,,1,1,
1566578b-0409-41a2-a23f-a6cd80a3b11a,Intra Hour Commodity Report,,721,2,
16545f1c-f93b-45fc-ac87-e132586444b6,IBAN Analysis,,438,4,
16a958f9-5d5a-4ebd-ab52-702bb6634619,KVB Monitoring of POPUP,,221,1,
16d3062d-96bc-4fec-bf50-6a157b433527,Professional Customers Report,,1106,5,
17147cad-ce69-4074-a127-7e9055df91a1,AT NM Dashboard (BI_DB),,452,1,
1753b023-4275-48b9-9f14-0b9527aa2424,Index Dividends CID level-Sandbox,,5,2,
17e81766-e834-4563-bd2c-db962cd9c54e,Risk - Monthly Chargeback Report Archived,,1605,9,
18011ff1-8c76-4019-b0b6-3e342d34c5d9,GenderAnalysis,,36,36,
184b4061-4768-41bd-a020-5fd252448e7c,Level 3 and Pending Verification clients,,715,1,
18ceac7d-021c-4f75-89d9-23c0f2387db2,Account Manager Targets 25,,7,12,
18d0cce8-1a4b-4387-a018-e7ef758639bb,Revenue VS RealizedEquity Analysis for Seychelles,,2,6,
194f173d-c7df-4741-a087-7e86044808bf,US Stocks Operations Reports,,439,4,
1a0d92a7-0bdb-485b-bc07-197fd0870476,Money IN: overview  by MOP/Country for Doron,,4,5,
1ac23aa0-2ee9-4010-8227-27cdc0bf3410,Revenue Region vs eToro,,345,1,
1b64cce3-0623-4805-8583-1655de342be0,"Management Dashboard, Registrations/FTD/Weekly & Monthly Business Snapshots",,2799,10,
1befe686-61c2-4b90-a833-a994566eeac7,US_Mailing_Address_Non_US_Regulation,,529,1,
1cc9ac21-612c-4690-8a64-94b0381df926,Affiliates Fraud Loss,,335,2,
1d072e87-2fb6-40da-851a-ca9559f2b9af,New Revenue LTV Analysis,,74,1,
1d3d2e8c-e6ea-4481-8dd3-e45cea8b898b,EV verified not automatically upgraded to L3 due to the Alerts,,44,1,
1e18350e-c7bd-4e0d-a5d7-a6597c9131b8,TIN Gaps Remediation Project- For Deposits Team,,405,1,
1e3e7141-3d16-4d52-b50a-47f3d08012f1,Crypto 1 M leads list,,15,1,
1f26fc0b-3042-494b-805d-ce0092a055ee,IFRS15 Crypto Inventory Cycle,,1356,6,
21f9f6e1-5576-4766-976d-203a7312954c,Daily Commission New 2025 - ICC,,196,4,
220c8042-00e9-4e6c-9b82-ef38a875f978,USA Paypal Monitoring,,6,1,
2267684b-0e7c-4f16-9f40-ddf7a182af53,High Cash Out Management Analysis Dashboard,,28,17,
22758084-b05c-44a2-a531-63c5297e7933,PI Performance Report Lavi & Adi,,0,2,
228225f6-60c2-418b-8860-1d4fc7cee76a,Capital Guarantee,,3951,1,
22c9b212-0694-4c48-a295-18eb83da772c,Copier Analysis,,2502,5,
236ba697-509f-44a5-9681-d22bff646a68,Instrument Alerts Dashboard,,802,2,
2375ccfd-77a9-4859-8d59-8e4259f88654,new DDR,,114,19,
253c9078-7616-4047-8cc5-b8033375b774,US Weekly - Operational Insight,,268,3,
25d52244-d0f0-4198-8283-b9fccf7ecc16,SFMC Campaigns Dashboard OLD,,891,2,
25fd3a53-b617-4cc8-91b1-421a65a2fe3b,Leaderboard,,28,1,
261390e2-26fc-4115-984d-da6c9afc37a9,KYC Flow,,30,4,
26e7c431-29c4-4b4f-8b46-3f5b79356abb,Revenue Dashboard UK,,1330,1,
271c3aac-bc16-4b44-a700-eb1229cbd5b4,"Assignment Tool - Volumes, Outcomes and SLAs",,4240,9,
2803aebf-b92c-44c2-884e-2bdeab0ac644,OPS Weekly KPIs China,,91,7,
28646326-1e9a-4175-858c-37385608baa2,High Redeem Amount Email Approvals,,480,1,
2b08b42e-1ee7-4fd9-b518-28d20e965da0,CFD Promotion - Affiliates,,109,1,
2bdc1010-5984-4b7d-be2a-e34fbd9d22e0,SMSF Account Tracking,,130,1,
2c05c63d-03eb-4b3f-983b-be78948031a9,KPIs Monitoring,,33,1,
2c0cc2ef-8e4c-4216-b96f-9b2c2cc73444,Daily Process Performance,,2006,2,
2c2df6bc-fdce-49c6-b881-2ab9b137d116,UK AMs/PMs Deposits,,52,1,
2c66559c-1b3e-4538-b63b-2d404d284eec,Money IN: overview by MOP/Country for Doron,,15,3,
2c864985-40b3-4b05-8428-dbc7668a3090,WomenAnalysis,,18,1,
2cb5ed63-da6a-4e53-8305-c10368ed05c3,US Community Management Dashboard,,77,1,
2ccd2260-d1fb-4f10-b86e-f839c8675b54,US Stocks Transactions - Trading Activity,,1240,3,
2d388c5e-5f1f-4e93-b257-e34d3754f85b,Wire PIPs Dashboard,,399,1,
2df65a2f-bb2c-4206-95e2-432220b5666c,Capital Guarantee - Tactical Edge CG 2024 ,,571,9,
2dfe4e3d-3db2-45ce-a1de-133121671313,FundedChurnAirDrop2025,,20,1,
2ecb29b0-be48-4943-9a84-6861ecec6f00,LTV Dashboard,,876,1,
2f64b570-3df7-44d0-b305-f145f3edec88,eToro Daily Data Report (email),,1843,11,
301485d8-13a3-4aad-a5bb-06097047a0e5,OPS Monthly and Weekly KPIs,,874,7,
30598d17-d971-4706-9644-37d06d3d38b9,Latency & Slippage Summary Report,,228,4,
305eafec-f38c-468a-b318-19180924381a,Acquisition Weekly Dashboard,,6301,4,
31f8b29f-136d-401a-9c5e-0280c1f0ab41,Crypto Commission Analysis (based on DDR tables),,37,1,
320b6585-0e3d-4bde-877b-087f84cf7935,AML Periodic Review Dashboard V2,,60,4,
3276e4bf-a2a9-4082-8e72-9a5a0b5d8456,Club Upgrade Visibility,,1398,1,
32c1e932-7966-4088-bb38-b40d1a6ec221,AML Periodic Review - Auditors Report,,152,1,
32ce6691-3b49-46fe-919b-153d44ecbe54,Etoro Data Report -Monthly Data 1.4,,13,8,
32f26500-075c-4949-b55b-cd374092ec41,AML Risk Score Dashboard,,1725,1,
3326ca09-47f1-4eb0-a911-1eb6866a4a8f,Ticket Analysis -  All Tickets,,651,9,
3362364e-6f75-44ea-ad6b-968db4acc235,Overview Investment  - AM & Region,,10601,4,
33bad5f0-0fbe-4f52-b69b-05e05651a7da,"LC1,5 Draft ",,1,1,
34b4583a-f116-4d27-9d38-b23594341044,Daily Commission New 2025,,224,4,
34d46e01-9e2c-41e2-ac1b-a873c6906baf,Net Deposits Analysis Dashboard,,10,1,
35af1b15-0847-4bb7-b424-f96f6476a96d,Interest on balance analysis,,112,1,
35b406f5-9caf-42b3-982e-db85d6b65a66,UK_CommissionReport_byLeverage,,271,1,
35ba4d98-c12b-44b6-8d19-50f442563465,Overview Investment  - AM & Region  (2021 Only),,34,3,
3608ee9d-6b27-4375-abed-2dd986858af4,FCA,,6,1,
363c0995-1a5d-447d-b145-22dddcc9b513,FundedChurnAirDrop ,,12,3,
369e899b-efcc-427d-b063-d1cc04db74fb,Subsidieries Commission On Close Adjustments,,237,1,
36aba8cb-6bf1-43b8-8f8b-e2a85149f0bf,Treasury Fin Ops Dashboard (Testing),,6,2,
36afec68-731c-4cfc-81a6-4ac3ef27acf1,RAF UK,,29,1,
36e6dfdd-6d79-4824-9d09-ead1a59d82f9,Treasury Fin Ops Dashboard,,471,1,
36fa4e24-96a2-4639-a7dd-2fe06140474c,DDR country level live - SYNAPSE,,10,9,
3707f532-5e92-4902-aaba-80e45022bbc5,Welcome gift high tiers customer-test,,68,6,
37a1a9bb-49a0-458d-b61a-81470e2eafba,Interest analysis ,,180,5,
37a6d227-7062-4881-81c9-a2da292b31ff,Marketing Hierarchy Report - Nir,,10,8,
37a75617-4089-4e41-ad1b-e28494ded21d,NPS Overview Dashboard,,55,5,
37f0038a-5dd8-4b66-88c4-d4c6122c29ca,Live Acquisition Dashboard Old,,3979,23,
382217ed-93fa-4e18-a780-d51ffd67ac8e,Intra Hour Index Report,,595,1,
392f9209-0d98-4949-93f3-cdf96e9d64fc,Stocks,,67,2,
39603224-dbd3-47b4-a4b2-4ed9e701ae10,Interest analysis,,7,5,
398d8128-79d3-439a-a566-e3fd0e9c6e78,Custody Reconciliation,,2550,5,
399eb4d5-b853-4e04-ad6e-8c8879f5739b,Etoro Data Report -Monthly Data 1.4,,22,8,
39eb6488-74f7-45f5-a380-9b3227e3e311,Operations End of Day Report,,1499,1,
39ffdd3a-7591-405c-be80-9c889cdca409,1042-S Index Diviend Report,,19,1,
3af331c8-acc6-43d7-836c-1750d4b4e8f8,UK_Equity_Total_Cash,,84,2,
3b5c41ad-1ac9-44e9-921b-2e7aab7a38ee,"LC 1,5 Beta With Glob IBANP_Parameter_faster query ",,14,1,
3b6481d4-cf73-4991-b175-dd88d666cad6,KYC Monthly Report,,1097,7,
3b6a374b-f866-4709-9313-bd1f2582c42b,Risk Score Dashboard,,1,1,
3b6fd241-82ef-46ef-bcfc-9ab6069028fc,KYC Dashboard - Screening,,436,2,
3b70311f-f5e9-4207-8e6c-232aa8026bf0,RAF ARPU,,126,3,
4087aa53-8e2a-4277-afbb-0f65bdb0c69a,eToro Money Local Currency (Execution Shortcut) BI Report (EM2) TestVersion,,29,7,
409556e3-e790-4055-9790-bdd4253dc361,Client Balance Report - NEW,,30685,42,
4184d6b9-25e8-4c24-927c-bc90ee4d077d,Removed PIs,,110,1,
428576b5-1795-4ff8-9571-0cea82d9ab80,Location of eToro clients on a map,,381,2,
42a88a00-fab5-421a-ba6d-f64cb75fccd3,RAF Dashboard,,754,3,
43d89994-2bc5-4a57-878c-3a73018f166a,ASIC Monitoring CFD,,193,1,
4440f47f-405e-43fe-8d4b-a7aa55b1ad72,Additional Fraud Alerts from Vendors,,5,1,
446b7a8f-00e1-4981-9e66-81297483cf81,RAF Acquisition,,662,2,
44c44f57-996a-4b50-849c-44e97d41b5b4,AT NM Dashboard - old version,,52,1,
44f6476d-7e0a-42a8-afd1-2991f89a1aa8,Monthly DDR,,434,6,
44f8a2d3-152e-4720-be5d-dbe958dfca50,Test Jan,,0,11,
450d4246-84ca-47ca-9dd6-999311f27d6a,eToro Daily Data Report - Australia Region Only (email),,37,11,
4605e754-6e1b-447d-8819-d9a385d861b9,OPS - Daily - Heads up report,,1017,3,
466812f5-9b7d-47eb-bf7f-50daa7b586b0,Account Manager Targets ,,20,5,
46a955d9-9e49-477b-8322-8be1a9f0c278,Sift Score,,76,1,
488fe65a-c60a-40d5-b64a-76a3c9093300,MIMO P&L,,134,4,
48abda66-a71f-455a-92a0-d41a621ce1f0,IFRS15 Crypto Inventory Cycle,,385,6,
48ebf6ff-2e11-4e99-9a1c-4575743bf7c7,"LC1,5 Beta_With_Glob_IBANP_Parameter ",,18,1,
49d36664-2dca-4665-87d8-21b78d018bd7,Commission Daily Report - test,,13,13,
4ab62a01-6df8-4f4c-8b45-ec0a5f5ffa83,MIMO Dashboard - New 27.12.23,,11,2,
4b534d46-76af-4f74-bd3c-1b09115659fb,Risk Alerts Analysis,,3606,10,
4b60eaa5-dc4e-4c53-801e-1e658f676d7f,AML Player Status Changes,,27,3,
4bcd6cf0-1b31-4ca1-a0b8-d43197727dd4,Daily rollover fees,,11,1,
4c5e3b03-7073-4d67-9c7d-229abecd3315,DDR New Country Level - Yearly,,110,8,
4c755c02-038c-42b5-8d2d-c09aa042d64f,Money In by MOP and Club,,466,3,
4c9d03c8-ea73-43c7-9709-d911dcaed272,Marketing Channel Finance - SubChannel Level,,50,1,
4ca06576-c569-465e-a6b0-aab7af32af2f,Client Balance Report - DLT New Sheets,,1572,7,
4e7d108e-a9d5-44c8-80cd-e1a08da6f0dc,TIN Gaps Remediation Project - Temp population,,2,1,
4eb1c7a6-0918-4e1f-b076-f7528d06506c,G6 & More- Test,,6,4,
4eb3b72c-580f-4118-be47-e5c4146924c5,DB Hedge Cost,,83,3,
4f67e047-31fc-4c24-ad39-36c02f542bac,IFRS15 Crypto Inventory Cycle,,15,4,
4f8e8a34-3c92-4d2b-ab98-6e62184b601f,Archived: US Crypto Revenue by State,,105,1,
500e3f25-b0be-457a-a696-c3b2afa6eba8,NPS Summary and Performance Dashboard,,288,5,
50c7dbdd-6f97-44c8-b3f6-3068852254d6,"ISEM Report -To Archive , replaced on 2025 05 07 ",,2,1,
52031ea0-de4e-44d9-b993-37e460c5bba1,Investment - Monthly Data,,14,5,
5212b14c-9754-4aab-8917-c6bdbb622936,TIN Gaps Remediation Project,,1,1,
526a367c-982f-4671-8756-feb2d91cb068,Reg to FTC distribution,,17,2,
5324106f-af4c-4e99-b25b-9efc94cb4229,Base Activity,,164,12,
537b69ce-683b-4f7a-9b40-5b1383697ab9,Contacts Activity by Period (New),,13993,8,
55f322d9-4ffe-4907-9615-bf6393bcc800,Deposits Breakdown Dashboard,,696,2,
5617d529-aa39-4083-a498-465a23e1f8af,Vulnerable Customers,,25,1,
565a6da0-b37b-4cc9-aaf1-3415caae84d4,Multiple Accounts Management Report,,144,1,
56861f58-6b4c-47de-9dd7-af668b0ded05,Instrument's volatility and activity ,,13,2,
56c1cdb0-50ca-46ea-b5a6-aab8c1d4e31c,Management stats - Payments,,64,46,
570f8e1c-f364-48a1-aab7-892fceed8310,Acqusition Funnel Data and Conversion Rates,,99,2,
5734b2c1-5387-4f4b-b80c-e5cc653010e2,Money IN: overview  by MOP/Country for Doron,,170,3,
57d8cab4-00ab-4cfc-b2cb-a250183e209e,Revenue Summary by Cluster,,110,1,
57fc21aa-ac25-4531-8d0b-d9b7d1960685,Onboarding Operations Excellence Report,,2604,10,
5871e77a-078f-42ce-8eeb-88b1b7bcb04d,eToro Europe Settled Positions Report,,5799,1,
58d6d792-5ce6-4e8e-9a9c-f99b6ce34e09,Country Deposit Dashboard- Last 7 days,,202,1,
58f54c3a-a95a-46e7-a9ec-35a74a403081,Retention Monthly Dashboard_rev,,500,5,
59f0db52-a86c-470e-b1e7-8fa65f1fed4b,Regional Analysis,,263,3,
5a376305-4cbf-442c-96f9-a1461644700e,List of CIDs at risk of downgrade not accessible from Daily regional Club reports,,6,1,
5aca949b-d179-446d-82c3-4ebe296ccdab,Withdrawals in detail,,129,1,
5b0eb19e-a2e9-4cc0-91ab-7f41df4f07dd,Copy Blocked Users ,,566,2,
5c2df773-6734-4466-9fe5-ea713ddac8fe,Invested copy of FCA,,25,1,
5c3e45ae-6e5d-4d2b-b770-e8a3a1cf5a83, Club High Tiers Birthdays,,501,4,
5d1853b1-5da3-4800-bbd4-20537f5d3d34,Life time Deposits Tracking,,3,1,
5d27b878-39f7-4420-8783-d7661d0a5de7,Daily Club Report - New - Date Filter,,1368,14,
5e00074e-dab2-463b-99e0-1eee4f61deb8,Wires vs Other MOPs,,29,2,
5e8bc6fb-c308-4635-8315-a2a636bf6ce4,Crypto Summary,,50,7,
5eea8fea-d486-4fb5-b834-b44e04aebbdd,US MSB Regulatory Reports (+Revenue),,1038,7,
5f738b6e-6371-4253-a487-a1336ba3f272,Funnel,,27,1,
62d8e878-3865-467c-9bea-3d3cfd3c0bd3,new settlement report,,3043,6,
630b971b-c4c3-4f15-9ebe-256f80cf7478,Client Balance Breakdown - Finra Adj,,127,1,
638bc91b-ea1d-4ae1-89ef-95a6c4fa37e1,Commission Daily Report,,9,14,
645f3d64-2ecb-49ea-bf52-c75b6fb259f7,eToro Europe Settled Positions Report,,172,1,
64ac09e3-02c6-40f1-bf28-74922096f11a,Index Dividends CID level,,6,2,
64eb3268-c523-418d-82a8-6da7520e0f7c,Revenue Summary by Club,,27,1,
64f9e333-a815-4eb0-b28d-e2cf7dc7ea95,RAF ARPU 2,,32,2,
65f9caeb-6560-482e-8215-a908880e3c9c,USA Finance Report for Tax,,401,2,
66ba30ce-b841-4122-8215-02f997424496,Analysis OptIn,,71,8,
66ec02f8-d089-4234-b147-c30d23b8afff,KTCD,,22,2,
67c9cece-58e1-4590-8d8f-c1435b374f34,AML Account Closed,,3,4,
684f17e8-9556-457c-ad49-6f0cc5069faa,Coss Selling,,386,3,
688abe0c-5380-444e-be27-b63e62da6ce6,Deposits Approval Rates,,169,6,
68985b9a-1737-48ad-b1e3-7451a139ae9f,Etorian Investment Account Performance,,33,2,
68a1adb5-7b9b-4731-b473-b37f48d99c33,Index Dividends CID level,,770,2,
692e1caf-05bb-49fd-9494-5f885fdd27af,TIN Gap Remedition Dashboard,,32,1,
6969fd3a-8187-408c-827f-14f64e714452,Marketing Dashboard V9 (DWH),,0,2,
6a32e5fb-2730-423e-8f40-92bc6fb48839,Copy Blocked Users,,1,2,
6b51f82b-e86a-43db-bdfd-a15b74b553ae,Client Balance Breakdown,,1684,6,
6b730edd-21ff-47c3-a39a-0217f74641d4,Revenue forum Monthly KPIs,,9,2,
6b7e087b-fc13-4832-972e-c4a70e17be4a,LC4_New_Sandbox,,6,1,
6b8f4683-49bf-43c5-af62-3be9eea9cc1f,Deposits MOP approval rates (copy),,9,1,
6bdb3f10-055c-47a9-81e6-35b3557322b9,Retention Weekly Dashboard_rev,,609,6,
6c20a8ea-5a63-4f8b-8bd3-3544c9644118,Popular Investors Payments,,510,3,
6c2b6c97-172c-43fb-a0b8-5aef56df102d,DDR-Fix,,9,9,
6c2b84df-8224-4168-9d4a-2a03fcd5dfa7,UK Finance General Dashboard,,518,10,
6d291d43-f680-4a68-b23c-a6fc3eead46f,Client Balance sandbox remove DBX connection Guy  20250703,,7,39,
6df18ae6-1574-4d5b-8ef1-426cf13e5604,Monthly KPIs,,148,1,
6e89df83-f317-40c9-ba81-0847541e6c91,Consolidated Finance Reports,,28,14,
6e8dd3c5-79e7-425c-bbdf-4c60cb7a2f38,new DDR - with queries (Edits with Figma),,14,42,
6efb9a1b-8e4b-4a8f-a49d-b3da2b748e53,KYC Data - Predicting High Potential Customers,,7,6,
6f8ab662-9c59-48ff-a795-2c4288eace2d, KYC Daily Updated Report,,158,1,
6ff1cebb-3b09-4b45-9ee9-134eebe01c62,CPA and LTV per region - for cost of OPS ,,69,1,
7051f427-8110-4d8e-ac3f-9ed38a6c73c6,FundedChurnAirDrop Story,,2,1,
70d08108-564d-4de7-8e4d-48b1ec5b4925,Affiliate Payments KPIs  - synapse,,25,3,
71e1eb9d-84ad-423a-b1a7-a15b5ec04381,BISG-00119_A-Leagues Activation_dashboard,,33,1,
7220559b-0a98-4a9d-8e5d-da072398bdee,Monthly Club Reports ,,328,9,
723ff5cc-0606-45de-aba3-ac975af833ee,Club Upgrade Visibility,,9,3,
72a26df7-f063-4a81-981e-16c2c055ba87,VBT,,193,1,
7404e1ce-86b4-40a1-9966-5dd087a10bdc,Late FTDs,,350,6,
7462beb7-23d5-466c-a4ac-c08ef28bdd03,Corporate Accounts,,456,2,
74add4c7-820f-4f37-9b1a-76b78de410db,AML Periodic Review Dashboard,,639,4,
75563965-a229-4ffc-8047-f8f2cdf548dd,New bonus Report - China & Other Asia,,22518,8,
7584fb19-e4d3-4848-b347-072b609dcd0a,Stuck at Level 2 TEST ADI,,21,1,
75fb2bc3-5fbd-4f63-95fe-a05d3c07da85,Revenue Exclude Dividends (DDR),,67,1,
7656392e-c9fc-4e51-ac1c-f5b87971808a,US KPI Monthly Highlights ,,254,1,
7693538f-b0ed-408e-ade1-89259c5c170d,Marketing Global Data New,,3039,5,
76af1646-e961-4844-8932-8d678ce79693,Payoneer & PayPal Monitoring - MIMO,,23,2,
78a0da1d-076b-41e8-ab13-95617cd15f4f,RAF Monitoring,,6,2,
78ac3107-d73a-4436-a4ad-38cefec57914,Wire PIPs Dashboard,,1,1,
78ad56c3-ac46-4475-a98c-e867b87479fc,eToro's Daily Data Report (New DDR 2026) - Spaceship (Guy Changes),,7,11,
78d16772-4089-4e0e-aa95-555d3865dbc6,Members by Country Language and Club tier,,388,1,
79b88bac-4595-4ee0-9843-9e9cd9f40410,Local Currencies MIMO Dashboard  (Beta),,0,3,
7a6ae40a-25e8-48a5-adcb-b942d35c1094,Copy Dashboard,,812,4,
7a757407-625b-47b9-bc64-491c150b2841,Affiliate Accounts L3,,106,2,
7ac3677f-4b90-4fc2-85a5-509733ca0b38,OverView - Investment,,308,5,
7b27806d-4da3-4de8-9467-6954d3ea61e7,Unfunded Level 3 Verified clients,,4,1,
7bdb9bd9-d2d6-4310-a7a2-723a5a49fe0e,Daily Commission New 2025 19.10.25,,37,3,
7bdbac88-ebb3-4015-a865-68fc79b88120,Max Position Units,,255,1,
7be8b767-7c40-4f9d-a59e-23ebcb53f5a4,Expected Downgrade by Desk,,1108,1,
7c31fb13-75c6-4ebe-9156-3a237d29d030,Expected Downgrade per Investor AM,,416,1,
7c7abee0-5b2f-4b28-873d-213292b8a8eb,Assignments and monitoring (all teams),,63442,2,
7ca1f08f-f127-4844-adc0-e031ad23f2a0,new settlement report,,168,6,
7d089a6a-a67c-4c79-b6dd-3018df2111a0,GST Dashboard,,13,2,
7d0fa009-d739-43ac-a77a-9447d589647d,eToro Monthly DDR (New DDR 2026),,152,6,
7d4e5278-7112-4db4-b426-3ff6da0d7032,Assignment tool - docs backlog analysis,,769,1,
7d8f3fe3-21ed-41a6-b3e4-cf5566b56faa,Professional Customers: Pending Applications ,,2,1,
7dd8d236-c2c1-4e2c-a41c-bbc902b44d44,Net MI  - Investor Report,,8048,1,
7e5c61c5-27a7-4671-83b8-166e2408895d,AT NM Dashboard 2024,,621,1,
7e942e07-d798-4a43-bcb6-b2dee6f6f5e5,IR Dashboard,,910,2,
7f34c747-ece1-4bdb-b610-fac941efb7ef,Instruments Volume,,530,4,
7f6c5ad0-31b3-4e6f-8837-64437e443c45,Revenue by Month (CID),,70,1,
825e386c-a1bc-4c7b-893d-f1c265396633,Manual Execution - Trades,,518,2,
82e45a0e-1a1c-44f7-9e1b-3700e7993674,Retention Monthly Dashboard ,,2126,7,
83102a38-6ce5-40d0-9488-73a863180a23,Daily Commission New 2025 w 8 week test,,0,3,
831d0756-3692-4754-a8ad-458ddf7d46be,PI Performance Report,,781,2,
833448b0-83ca-4a8d-9c42-01b7ef642d0a,Management Dashboard for Asia Office,,636,8,
835aa846-61b7-476b-b0cc-3809fce6e81f,LP registered session,,1792,4,
839b13d1-8f55-44c2-8efc-69b1e98bc0c6,US End-End Funnel,,2,1,
83c50f54-382f-4bcd-903a-9b98dff6da81,Revenue Forum ,,120,1,
8460849b-2e3a-46ac-bac3-0c9990d2c751,Money In_Out - new  (Draft),,143,5,
84ef2334-b730-4cb6-885f-c1736921beb7,BCG Operational Dashboard - Weekly - Prod,,6,10,
85106d85-ac3f-4837-b29c-faf21d2f333e,eToro Money Monthly MIMO Report (EM3) updated,,76,2,
857e501d-b5bf-4d7d-a446-85d5b205b131,cube,,2,8,
874897d9-3ffc-4f0f-a193-0d46f9642932,Local Currencies MIMO Dashboard,,993,3,
87542314-8c14-4506-9cc0-f3c6db9552a2,Stuck at Level 2 TEST ADI,,0,2,
878af43f-7ad3-4219-9d1b-7a9a4644ec6f,Marketing Channel Finance,,5718,1,
87cda09f-71bf-430b-a6de-fe1ba28238d9,Daily Acquisition,,2060,6,
8810eead-beb4-4dd5-bd9a-e36e3292fb15,Monthly Club Overview,,43,20,
8856ae33-0659-49f5-8e45-9cb70ee70c98,Professional Customers: Pending Application ,,40,1,
8900cf10-72d6-445e-8b28-87a655281c93,Revenue Assurance,,431,4,
89453ff1-4755-4a89-8f0b-346edd719601,Investment Office KPI Criteria,,5992,4,
895e94f9-097f-461f-b94e-ac1a8856cf7d,US Apex Cash Activity Daily,,2587,4,
89c377e0-7cb5-47ff-918a-04cc6af7e59d,eTm AU & DKK  Launch ,,291,1,
89e7bf32-bd7e-47ad-b203-83e454fdfc03,Rollover Vs. eToro Commissions,,446,1,
8a059b3b-6fb1-4f5b-87ba-d520b0471b3b,Interest on balance,,2379,14,
8a90e83f-0a67-4bfb-9a1f-3d0daa451826,Club High Tiers Birthdays,,3,4,
8b346409-95ba-4619-adc8-39b9c6815cfa,Gainers & Losers Report,,36,1,
8b822023-50ed-4459-a14c-f84011816280,Account Manager Targets 2025,,32,68,
8bbd87e1-6083-47f6-848b-499412a9932e,AM Portfolio Breakdown,,188,1,
8c8eab28-f359-409f-9411-2d87db384e3e,Interest Balance ,,0,3,
8cb7b05f-4381-43fb-91b8-fecc80a0d829,US Account Managers Upgrade Report,,21,1,
8d8e17ef-9164-4f2d-99b3-272bb600b2e0,Sales - CopyPortfolio,,6942,8,
8d9c79ec-4e07-438a-bb8b-ac8a497fb1d5,Yearly Trends for key OPS processes,,28,1,
8da393ab-d962-4d2b-ac62-bb25c6cd091f,US KPI Daily Highlights ,,551,1,
8e0a1265-8012-43c1-b2dc-96b31afea618,Commissions-Overnight-ConversionFees (auxillary audit data points),,908,1,
8e1d6d6a-3b43-4e00-84f2-4910a43b6422,PnL: Per Regulation and Per Country,,29,2,
8e80763e-50e3-4ad1-a652-d69f8b1236a9,Revenue development YTD,,6,2,
8e8fbd73-9d6a-46b5-8f0b-b951411395b6,UK Marketing - Manager Deposits by Date Range,,2902,2,
8ef16353-7b2c-4d6e-b9e5-51866574440f,Airdrop Budget by Month,,91,1,
8f79ad71-56ef-4d5e-bdd7-522c72d04cee,Book1 V1,,0,9,
8fff26b2-b148-47a2-840c-5968b02626a5,Account Manager Targets ,,10818,4,
9019a86f-c374-42ef-bff5-e99523be5fa8,IFRS15 Crypto Inventory Cycle2,,1,4,
9062ac8a-89d9-4e46-b412-717a5d61be8e,IB Recon,,6371,2,
90d08dad-589e-4f17-b905-859fa6115425,CID Daily Dividends,,925,1,
90e75dba-b96c-47d1-a52f-0edfba69e46f,CFD Block - ASIC Only - Dashboard,,133,1,
9166f8a8-b68a-468b-82ed-5eeed0768ffe,Suspicious Trading Activity Investment,,266,1,
9263774d-fa95-4f81-aba2-7d28d49c66dd,Real Futures Custody and Transfer Finance Report,,1546,5,
9265a42e-1ec3-43d3-8567-774e0b575d96,Client Balance Breakdown,,33,6,
92db4b4d-7b49-4729-aa01-4c578dba6454,Overview Investment  - AM & Region  (2022 Only),,51,3,
9398381f-edfd-4cf4-8614-d680e1005ff8,Vendor Performance Report,,3227,8,
93a45ad7-298f-4313-bb39-500a56ce4002,Level 2 to Level 3 Distribution,,661,6,
946453ba-48e2-40c0-a2c8-f1a71b576b2b,Daily Commission New 2025,,5,4,
961c3290-9af9-416e-aacf-5189e9e3fc2b,Video Ident and Retro Video Ident GAP,,119,1,
962b640d-454b-4ba6-94b4-2cc5ef4203a1,Leaderboard,,2065,1,
9664a7bf-df1b-4142-b278-e08864f4d1ad,OPS Monthly Report - Redeems,,432,5,
970475eb-c265-434d-83ba-155c782b61d8,Life time Deposits Tracking - US Only,,5,1,
972cfd67-f5f9-4876-97f2-99c3437f1c6c,Active Days Account Managers,,125,1,
98033696-e3e0-43a5-b45e-96c4b2b1ed47,Pyments KPI V6,,9,1,
981cefe9-3edc-4a21-b232-42aecc5b314e,eToro Daily Data Report (email) - SYNAPSE,,12,9,
9942fdbe-36bf-448b-bc4f-61a242d804ed,IRS Matching and Exceptions Report,,31,2,
9970e8cb-ee27-472d-baf3-85346cfedf25,UAE,,149,2,
9a697de2-4ae2-4ed4-bc64-37c043b20c1a,Monthly MIMO Report,,7,1,
9b18b203-772a-414f-bc2d-e4747b5b1fc0,All Asia Deposits (2+ months),,5840,7,
9b6c2611-ec6c-46f3-b1d7-61e5e125cce8,FinCEN's Regulations Under Section 314(a),,201,3,
9bdabbd4-2940-494d-a7c2-9d04635ea5d3,Upgrade by Desk,,81,1,
9cb98110-0e52-4590-b382-ae793fd5ef05,Monthly Copy Data Report,,79,3,
9d180f08-5797-4458-9ecf-832e5d70b19e,eTm AU Launch TEST,,1,17,
9d387554-ae65-458d-9512-92eb7842d84a,TemAnthony,,650,3,
9d8e103d-c4c7-41ac-9c6f-8b72a81c4e25,eToro's Daily Data Report (DDR),,962,11,
9dc6ffff-6171-4250-82dd-2e411035bc18,Removed PIs,,125,1,
9e855ab8-dc71-45b8-afde-9ebaf6717891,Acquisition Funnel Dashboards,,4733,7,
9ea9c23c-7a4b-41cf-be1d-b5953a6b1414,Account Manager Targets 2026 ,,2,78,
9edcb8f6-c0d0-4a47-bbc0-c02e131cd2a3,Revenue and Equity by categories,,44,3,
9ee84f7f-f978-4766-9e6a-e29c23d0c586,FirstAction & %CO,,347,1,
a0596207-525c-4342-8b4e-c0e8ae6db149,FTDs with High Leverage from Peru,,2,1,
a08e6f6b-34fb-4bdc-a6ab-25ad68ff88a1,TIN Gaps Remediation Project - Temp population,,480,1,
a0949945-88ef-4ef2-9317-ce5e0ebfff30,Acquisition Monthly Dashboard,,5563,3,
a1b49ed7-3625-40a2-9c4c-900d685d1120,High Cashouts and Redeems with SF Data,,1136,1,
a21e2bf7-8f9b-4888-8b1f-8fcc5727c60d,Crypto Leads,,96,1,
a23442f8-9d2f-43dc-a865-b96344b58f49,Index Dividends,,2035,2,
a354d224-8a18-40c4-b5e9-13f3899d89ce,Overview Investment  - AM & Region  (2024 only),,24,3,
a3658679-6904-48d6-9747-18de15baee7d,US Marketing KPI By Channel,,79,1,
a3a4d7a4-af9e-4837-9336-db8afab834f5,Risk Management: Operational Risk Dashboard,,2740,20,
a3ad9069-9a90-4815-b9ad-a92b9aebdbe4,AM: Portfolio Activity,,1341,1,
a46a90a3-06a5-4a2c-b2fa-e5e081cc3e53,OPS Monthly Report - Money Out,,1890,10,
a506dda2-14b9-4f37-8cee-34e5b9a96687,Top CIDs By Commissions,,515,1,
a518016b-c5e1-40c6-87cc-babf230a5374,Capital Guarantee Report,,6181,3,
a5aae296-6b7b-428b-bee8-89c0401c9b23,Overview Investment  - AM & Region  (2023 only),,91,4,
a6857b95-6181-46f1-97fd-9e3a8093804f,WireRebate Investigation By MOP,,9,4,
a6b5fd44-b6a3-49e6-8900-6c5a9010791c,Open CFD Crypto FCA,,540,2,
a6c8e3b9-e4c6-4fdf-994c-865534ebe914,Cashout STP,,1074,5,
a6ff778c-da2f-4e5c-8ee5-5ba705d3b77f,All Asia Deposits Full Year Extract (delete after use),,61,7,
a78750cb-25b4-4eca-bb27-da0512bb1f19,G6 & More,,813,4,
a79e6ff3-a3bd-4c58-b2d0-f0e85b4d3162,CFD Blocking Monitoring Dashboard - Daily High Club Accounts Blocked List,,33,4,
a82fd6be-125b-47bb-aea5-f257ce0ae733,DDR New Country Level: Live Daily Data,,35,51,
a923a425-4b9f-43f5-a3af-a47e1a001fe4,LTV Mult Matrix,,1,1,
a9b0de11-d0ad-4a42-b54a-0fd47848e0eb,Club Tier and Country SEA,,427,3,
aa99acd0-d8a1-4271-994f-389e02e3a5cd,Client Balance Report - NEW,,521,42,
ab9efe5d-7d6c-4e6c-9790-3e855cb761b1,Affiliates Payment Report,,1202,3,
abe626bf-0afc-43a1-8a36-3f5af1ebabcc,Risk - Monthly Chargeback Report,,4161,13,
ac06d88d-b0b4-4762-a66a-58d92e308e21,Welcome gift high tiers customer,,531,4,
ac808052-812d-4ee3-bd32-53d3362f4804,Commissions-Overnight-ConversionFees (auxillary audit data points),,12,1,
adb49f7d-f1b3-4a11-9ba0-c992219705e3,US Finance Report - Forecasting Stock,,19,1,
ae874271-8c74-4e10-a667-0bb90761a1fe,US Stocks Instrument Holders,,652,3,
ae921949-3479-4661-bbbe-1f541a89abb8,Coindesk campaign results,,191,1,
aec2bae4-13fe-40c3-9a03-77aecfecef4c,Forbes campaign,,37,2,
af0f3811-8953-443a-98bb-94247b212100,Monthly Club Reports,,6,8,
af3ac2ae-f25e-4066-b7f6-2551f6fc30f9,Account Manager Targets 2025_TOM,,0,73,
af545bf0-6004-4422-8a69-172c52d31239,Affiliate Score,,964,4,
af63bf03-7575-44eb-9692-e198c162c741,LTV Dashboard (USA),,368,1,
b07f5a06-8264-49da-b192-e5250cf8d698,Overview Investment - AM & Region (2025 only),,1,3,
b1b4e775-62a4-4fe3-bc30-29f7b9ec7d36,BSL Dashboard,,31,1,
b21597e0-7e37-4f0a-8c73-2dc8ccb753d0,Capital Guarantee 2024_Test,,1206,7,
b2a21829-3873-497f-9c39-75aadae60c9c,Onboarding STP,,190,2,
b31577b7-13a7-416f-a0db-b979d48b2ed8,Affiliates - Verification SLA,,774,1,
b346a5b5-d132-4289-8489-19a657fde6bb,Staking,,71,15,
b3bb26ae-d0f4-424d-ba1a-30678a09f4ad,Elligibility For Bonus By AffiliateID,,4,1,
b41aa422-d529-4191-8cb3-42cbdb50edd0,OPS key measurements and targets,,57,5,
b4687f8a-cf3d-4354-bbc7-c1b5c1a689d6,Risk Management: Failures Execution (temp),,17,1,
b4f42a4b-5776-4f43-bfca-3a76f1046e99,New Settlement Report -Test Plus 1 hour,,9,3,
b5d58e4d-3644-402e-aaa2-274c0a51221a,eToro's Daily Data Report (New DDR 2025) - LIVE QUERY,,118,10,
b66378bf-2512-4f82-b133-78111107c71b,Leads Onboarding Journey Dashboard,,176,2,
b6fad6ce-718f-4c29-8395-f1aa90fe32b3,RAF Dashboard,,639,2,
b71a04bb-cc70-4d56-8e49-8731b70e266c,% Of Verified  - from Manually checked Docs,,64,2,
b72b8e6d-1109-4013-96ed-4194d9d5540f,Interest on balance,,112,12,
b7c1a460-756b-4b37-92f0-df750387c48c,Risk - Monthly Chargeback Report - new chbk loss,,171,11,
b7e36418-3229-4411-a783-a0c9a96c9c7a,Expected Downgrade By CID - Archive 2022.04.17,,0,1,
b8a2fdd7-58bf-4041-ba7f-947137a02cc8,New Bonus Report,,18,26,
b8ea3d5f-03c6-463e-89cd-f88837f205dc,Commission Daily Report,,1106,4,
b9a76584-cca0-42b9-8553-e270e5aa3a73,ASIC&GAML Invested Amount,,241,1,
ba3c2637-4e1f-4c36-80ed-505a0e805690,"US Ops, Apex Accounts Info",,137,3,
bb107bf2-d8a4-4424-8f7e-995ba6dc023f,Account Managers Reports -  Australia,,10897,4,
bb72f3cc-ba95-415f-a357-e5e852f7cee2,2020_2024_sgFTD,,24,6,
bc01385b-4d75-4f52-8891-e890a6098b8c,SMSF or Registrations from SMSF Funnel Report,,101,1,
bc2c6eab-6309-4469-8746-36525dabf849,Affiliate Dashboard,,279,4,
bd0803e9-cd65-4766-a091-d98b79e1be0f,Active and MIMO blocked copiers,,24,2,
bd80c901-20db-423e-b64a-2f0e94521de2,Revenue Exclude Dividends (DDR) - Old System,,64,1,
bda48ee1-4e6c-4ad4-80f4-7f33dcd80c77,Social Dashboard,,151,11,
bda55e6c-a648-436c-ab79-1beb2bb41ab5,Daily Commission New 2025,,74,3,
bddf7edd-d461-4ba9-96fa-ae0943322d82,Compliance Affiliate Report,,14,3,
be2b8d25-f906-4e32-8526-d841438f465a,Overview Investment - AM & Region,,1,4,
be64a53f-7dc3-498f-9840-f19e8cbb890f,US Stocks  Activity  (non cash) Reconciliation Report,,178,1,
beaa8e23-1abe-4e5c-9177-7d2ef90be7a7,Multiple Accounts - AML Monitoring - SOF Alert Triggers,,270,2,
bf52e230-6f6a-4aed-8e77-0304efbb4561,Compensation Analysis,,138,1,
c05e69a4-5c4b-4834-b7dc-94b8ebec2973,Monthly Revenue per Desk: CID Level,,602,1,
c129cb4e-a7f6-42d5-9e8e-bedfd44043e2,Fraud Monitoring Report,,1181,10,
c1faafad-6a13-4aa0-b719-441b446c4b98,Marketing Channel Finance - Test,,0,3,
c253e834-ca90-410e-9261-0e0c27b913d0,CFD product review- CySEC,,44,2,
c31e1394-1148-414a-9c72-56f633c51267,Investment Office: Monthly Summary,,4685,8,
c32a146b-7381-442a-9a8f-5e299e8d6859,Management stats - Payments,,7967,12,
c39a28df-ab28-443a-b309-a14d6b03cee7,OPS - Daily - Heads up report - synapse WIP,,4,3,
c3e9009f-b5ae-417f-a9e6-1f8984adce9e,Verification Status ,,137,3,
c4122054-61e1-46ad-949f-91f8eca3c7c2,AML Documents and Gap Dashboard,,115,3,
c4130712-f3e0-4944-807a-8a4a35773dca,CorpDev Dashboard,,1091,10,
c46aeee9-977d-40d9-87de-04e2874d3580,DDR New Country Level: Live Daily Data,,27570,9,
c5040b5e-d6f6-42f4-a240-2e67badc62b3,Media campaign results,,3,1,
c55301eb-947b-4b5b-8e24-755d42ce7ebe,First Actions per D-M-Q-Y (with Month Run-Rate),,24,2,
c5a893cc-5498-41c0-a5f2-5b10c3506953,Welcome gift high tiers customer,,20,7,
c6296a52-a089-42ed-80d4-6980a4370393,QMMF Monitoring Dashboard,,0,3,
c66edcbd-730f-430c-91f2-d25b0c0a79d3,lc test 1 ,,10,7,
c6aef21d-3d01-47a8-831b-4720ba08c515,RE vs Revenue SEA Breakdown,,25,19,
c6be3368-282a-4129-a54a-e77d8835581e,Interest Rate Payments,,151,4,
c6c8337f-3cea-4fdf-b968-be63f4219f3e,QC Report: Top Cashouts,,392,1,
c6f4c374-81be-4d3e-aa28-599710d8dad4,US Logins,,54,1,
c7362596-02c6-47da-a236-df6c2880c73a,UK Geocoding,,403,6,
c7804d24-caab-45ca-9506-e8f7ac73abae,Revenue VS. Realized Equity 2022,,73,3,
c80ff050-1b26-4652-9ea8-94c41102ddf6,Commission CashBack,,443,2,
c88bdd54-b0b5-4282-9375-110e5b619b8c,Account Statement Report - Beta version ,,1623,2,
c92962dd-ef3d-469d-b9f7-89ef18d77bdf,Deposits Daily Update Report,,163,1,
c97f4ba7-ea97-429b-b810-d89168ccf4f2,EU UK custody,,1074,3,
c9845ef9-a446-4235-82c6-d4f79e05b9e8,BDT Tax W-8BEN,,398,1,
ca22750a-9698-49b8-b45f-e49401f7993f,Client Data - Beta,,1003,12,
ca47af44-b0a4-4566-aaf3-890f970c2038,Comparison of Quarters Marketing Targets,,205,6,
ca7f097a-9559-4918-8b5d-e9e6ef05929f,eMoney  Multiple Accounts  -  AML/SOF,,141,1,
cb49def7-5627-4816-bd4e-495419cd56e5,AML Clients – Trading & eMoney Net Deposits,,2069,1,
cd093565-6baa-4d03-af8f-7d689750e4f3,new DDR - with queries (Edits with Figma),,185,2,
cdb158f8-7082-419d-8a36-07dbc991ad1f,NetDepot,,207,1,
cec560af-7134-42dd-b366-2ae44e745c53,KYC Dashboard,,74,1,
cf26694d-bb9b-405f-b476-e7766ea8db4b,Overview Investment  - AM & Region  (2025 only),,39,3,
cfda772b-aad9-4849-a460-0a2a00cd2a8a,FTDs to IBAN,,66,1,
cfe219f8-f52b-49a5-bc53-78e8e577910b,Assignments per Team and Outcomes,,274,1,
cff8867d-203d-4cbb-b5e3-21399e6c00cc,OPS Weekly KPIs China full 6 months (Delete when finished),,39,7,
d0a7b369-81a6-4267-9804-7db0cac0071a,Crypto Trends,,715,3,
d12bb37b-ba8b-4e2a-9ece-9ed06830ae65,Redeems STP,,875,5,
d13345cc-20d1-4aba-a858-f24ae94e22e2,Account Manager Targets 2026 test,,1,73,
d1702014-406a-42c0-b663-56a75bffa6f2,Acquirers' Performance Dashboard,,45,1,
d1bf212b-c8b0-4b55-907c-ddece2c871f2,CO Daily Update Report,,399,1,
d1cf8df0-1ca1-4812-b5d1-8fab213caccb,AT NM Dashboard - FTDs from 2021/01/01,,107,1,
d1e1f18b-36c1-4a1d-9d58-d5ec17207dbf,KYC monthly analysis,,491,6,
d2e9b38d-2e68-4cd3-8efa-98b09e6f3ba1,WireTransfer InProcess,,5448,1,
d31f549c-4204-4ecc-83ec-0d521dae83d4,Client Balance Breakdown - Finra Adj,,70,1,
d34a9eb0-e489-46c8-9b2a-cd585bf9cc92,eToro's Daily Data Report (New DDR 2026) - Spaceship,,151,11,
d36d7540-a049-41fe-a164-ceeb9fdcb94c,OPS Compliance Budget - POs & Actuals - for claude,,53,7,
d4ddd3f1-38b3-447e-8f41-f50302004da0,CO Cluster Dashboard,,98,1,
d6117cc0-0a96-4ac2-b78d-0529e264d7f9,US Email Marketing Perfromance - UK Options pilot,,3,1,
d66f5db6-156a-4d40-afc2-fbab81606ef2,Multiple Accounts ,,1541,5,
d6766081-1f3e-47e1-8808-f1c5ebc70c14,Registrations and conversions - period comparison,,183,1,
d67e0c74-1c2c-43f2-a42a-02b2ee11510f,OPS Presentation for Management,,272,4,
d79cfc94-702b-4efe-a156-3c214093b324,arpfu investigations,,8,14,
d85d5183-71cb-4fd3-9ad8-ce99931219db,,,,,
d866c028-4876-4465-a63b-5fedb9b91afb,Retention AM and Senior AM KPI ,,934,6,
d8a21b78-49d3-445d-ae03-77b963bc4c41,Staking US,,1012,10,
d962fdf2-aa2f-415e-b22d-38f5fd8ca72c,Asia FTD Analysis,,127,1,
d9ed42b1-fd5f-459e-a327-329d7b1c7f9d,DDR New Country Level: Live Daily Data - SYNAPSE,,76,9,
daf8bf55-40d4-4a49-b801-5cc478fa96d9,Marketing Hierarchy Report,,30050,8,
dcfa6316-0e9c-48bd-9048-ba113a734662,Vulnerable Customers Dashboard NEW,,55,1,
dd03f196-ff26-41e3-982c-ec286cea18f4,Weekly Net Deposits Report,,470,9,
de227f05-934f-44c6-8f15-3650a6812cd8,Welcome gift high tiers customer-test,,3,6,
df2197b7-5543-44b4-aadc-1bd2baf1d82f,Club Upgrade Visibility,,951762,1,
df3e4194-4243-4d7e-a203-5805bc76c613,Daily Product KPI Dashboard,,559,7,
df4ad1a8-a514-4358-ba76-c4b8f4d766a5,IB ICAR Report,,1045,1,
dfbfecb8-437d-4797-abdf-475099b7f622,Risk Index - New,,1509,6,
dfd02bd1-f717-4fd7-a404-029eb92832c7,Daily Risk Alerts,,1799,2,
e0945338-e03a-47bd-9e4e-77411ec303de,Crypto Dashboard,,350,7,
e13263f7-802c-4608-acb4-fa5461e9efdf,Popular Investors Payments,,108,1,
e13a088c-876e-40bd-9f30-72c72c1355da,LC4_New_Sandbox (2),,4,1,
e194f568-19d9-46bd-a546-77352968c753,Local Currencies MIMO Dashboard  (Beta),,844,3,
e1eb8dab-1be7-48a7-85ec-9489090a1bc3,US PayPal Adoption Monitoring,,160,1,
e25065f3-1832-474b-b137-189f9ba452aa,Affiliate Payments KPIs,,140,2,
e2b4b0ef-b117-4cc3-96ae-a75178d03b94,US KPI Daily Highlights  RegulationID - 14 (NYDFS+FINRA),,37,1,
e2b91527-5eb6-4f5b-9a8b-8e296c85a9eb,Retention AM and Senior AM KPI ,,17,3,
e2f6f8e5-654b-487f-83ed-c1d8f888ff1c,New Bonus Report,,59545,1,
e373bf70-508e-4e77-be92-3718384eda4c,CorpDev Dashboard,,78,10,
e3bf680a-0b53-4a85-a505-bd6a9972ceef,eToro Money Local Currency (Execution Shortcut) BI Report (EM2),,3363,7,
e4544043-76da-48b2-90e3-b95a64f58234,15-Day Verification Status dashboard,,101,1,
e468ce9f-0ddf-47b8-94d6-2b86c3892666,Daily Crypto Acquisition Report ,,266,2,
e5743416-f3b2-469f-b7a9-8f524f77b2d4,First Review Analysis - Assignment Tool,,144,7,
e58642e7-3789-4bf3-91fc-b3fafe6226b9,eToro Money Local Currency (Execution Shortcut) BI Report (EM2) Beta,,84,7,
e5b7a9bf-d0d7-4ffd-8a0a-c78f4ceee067,Risk Score Singapore,,926,3,
e5fbe854-e1b9-4b4d-b2df-f3a22030c4fa,Volatility Notifcations - Top performing notifcations,,23,1,
e6d62b90-aaa1-42b4-a96c-db01fc348118,Account Manager Targets 2025_TOM2,,2,73,
e710d50f-f3dd-49f8-b69a-41f74d5e9678,RevenueForum Dashboard,,45,6,
e74a7e52-8d4c-46d1-a9ca-69dc5b0fe539,eToro Money Local Currency (Execution Shortcut) BI Report (EM2),,2,7,
e777d856-aebf-4773-98ed-720c83f2e9ea,new ddrs monitoring - extract for email send,,142,7,
e7879636-da57-420e-95c0-6c1ced779624,redeems in IFRS vs CB redeems misalignments,,21,1,
e7a838c6-f2f5-4899-8056-b61df0b2c8a6,Account Manager Targets 2026 test,,2,73,
e7dcf55d-1d9e-49bc-aa77-cd98d5770d46,Payoneer Monitoring Dashboard,,17,1,
e86ddf61-2583-4dbe-96b3-761b75ce196a,CFD Blocking Monitoring Dashboard,,383,7,
e88c5122-09a6-4011-a257-9c8a3e26b12c,KYC Dashboard,,284,1,
e93ed6fb-e671-4696-80df-6e190b50c1a0,Onboarding Operations Report,,103,2,
e946cfb5-3e60-442c-8ba6-f94ef8f91565,Delta App Dashboard,,32,1,
ead1cf96-9c1a-475b-9e8f-0d6a98f22ec5,WIP: eToro's DDR (2025 New Design),,73,45,
eb064ffd-f41f-4214-b9ea-9e118ada0d42,Verified Incorrectly Clients 2025,,796,2,
eb076c30-797d-464d-ad8a-72c0baafc2d9,Diamond Analysis Tool,,94,2,
ecd5f9d7-3a91-4baf-a030-742e55ff754e,Funnel (Onboarding to MIMO),,184,3,
ed8d6976-7636-4468-815b-070b50a61cac,Payments KPI Dashboard,,47,3,
edd15489-9ff0-49df-9fe9-74e02f37d4fb,eToro Europe Settled Positions Report,,0,3,
ede2173e-d05a-490c-af0d-3475beb4bae7,Taboola ,,0,4,
ee2a938f-91ac-4bf9-b910-3208a4403483,Book1,,1,9,
ee35b7fa-03cf-4650-920e-dfc389071a28,OPS Reporting Dashboard,,1553,9,
ee51b774-dd7e-47aa-90dc-b56da021f5b0,IFRS15 Crypto Inventory Cycle - Oct 2024 extract Tangany DLT issues,,11,3,
ee6a68ca-5c6c-410f-9e61-fce199952cff,US Stocks PFOF Dashboard,,98,1,
ee7364e3-67d3-4bec-8558-27edcf99c495,Ticket Analysis -  Assigned to OPS,,502,12,
efeae7ac-e8cd-4cae-9660-0f31ff08b7ee,Funded_Churn,,83,14,
f065a9cc-9080-42bd-8a49-10060365ffef,Gender Analysis ,,4,2,
f086bbac-663d-48cb-aea0-bccb10f72994,Monthly Cohorts 2.0,,1080,6,
f0af592d-c061-4449-bc5e-592b42667103,Level 2 to Level 3 Distribution - period comparison,,88,3,
f113260e-28da-47d3-97ca-0682d63dd2ae,US Club Events,,115,2,
f119f81d-d00a-46a1-b56e-8df87e5cac59,Interest on balance,,3,7,
f1a79981-e99a-491d-95f5-6b7b6a60eb14,AI Signals & Opportunities,,98,1,
f1f14641-5bdc-434b-8a31-6ea4f34221ea,QC Report: Top Depositors,,780,1,
f318eefa-b560-4f48-bfb5-760832d21e84,US BOD - Operational Insight,,762,3,
f3503786-326b-48e9-bc30-aa1cc7989bcc,FTDs and Redeposits,,9,1,
f356af84-5d83-40e0-8ed1-5248417ea93c,Risk Management: Failures execution weight (temp),,8,1,
f385ca4d-2a27-44b4-9441-3a582a27af55,USA FTDs>=5K (age 50-69),,69,1,
f3964bbd-cc3f-4f80-9453-b30699b73cbb,Vulnerable Customers,,500,1,
f3bece5c-6d7e-4be7-99fe-b16df38a216c,Account Manager Targets 2026 ,,15395,19,
f3c73f7e-246d-4ef4-af77-2a3ccb0a042c,Client Balance Report New (NetDeposit / NetCashout),,111,41,
f51453d0-ca58-4154-899e-6437b481519c,Onboarding Operations Excellence Report - Synapse,,39,10,
f5bac9f0-5b58-4c6e-9e7d-13a1ae7934a3,Media campaign results,,764,2,
f63b7a4e-033f-4347-ba88-d0b61bb1ebd8,Bank Ident,,76,1,
f660042e-740a-40e3-b495-06412a16c498,eToro Money Monthly MIMO Report (EM3),,1354,2,
f683dde3-e0eb-4ad3-8678-1832cbad8001,New Bonus Report,,5,26,
f73be0ac-c86b-4ac1-aa96-f9655500e301,Retention Weekly Dashboard,,2316,5,
f74871c4-9abc-4d38-bb40-051a961e8ac5,Daily Club Report - New,,2628,4,
f875ec7b-c7d7-40e2-bb96-691acdf42c34,FSA Quarterly Report,,466,5,
f87e7031-b38a-4a3a-ad15-779aef268fc5,Execution Monitoring,,71,1,
f8c7fa89-56a5-434a-8ac2-3b2928c11db3,Affiliate FTDs and URLS,,790,2,
f8d2cd0c-edc2-4f46-b5a0-bde909eb9c2b,Local Currencies MIMO Dashboard  (Beta) TestVersion ,,15,3,
f8e58e14-5a1b-467c-880f-8598a1db7574,OPS Reporting Dashboard Updated,,498,16,
f8fdc211-e8bc-4d4d-b7ef-c50336a8977e,DDR New Country Level - Monthly OLD 29.3.2026,,3137,8,
f9aad83c-43d0-4e0b-afe1-4420c8c1f509,BISG-00139 CFD Revenue breakdown_v2,,17,2,
f9dc62b7-9775-452e-b8cf-5832db377fad,Transaction Reporting,,5233,12,
fa0187e7-bd00-4734-a893-5c00d69d5a33,Interest on balance analysis,,12,2,
fc8659ed-f316-4d61-ac8d-0405faa6eda5,Staking,,8854,15,
fd5fb19f-81b4-4a26-b823-69e25d3d3bb2,Approval Rates/ Rejection Reasons per Club,,163,1,
fd600207-c863-42b5-b53c-36c87a5dacee,AML Alerts,,3182,4,
fe3b6ff2-7cfd-4ef3-8916-bc6effd8cccc,GST Dashboard,,418,2,
feb5951e-0f8d-4ec9-bd65-9ec709c0a889,Additional Fraud Alerts from Vendors,,48,1,
fedac8ff-7708-4afc-bd5c-e0379c9ab4f1,Stuck at Level 2,,881,1,
ff216580-69c9-43ec-832d-216df793fec0,Risk Alerts Analysis,,13,1,
ff3ce650-0ccd-49f6-a422-f47816109b0c,Stocks EOD Prices,,363,1,
ff7e03d3-965f-4314-bc4c-a9691b013ac7,PI Dashboard,,1958,1,
ffc88ac5-b6cf-4255-92a2-0cd2d011bd65,MasterAccounts and SubAccounts Alignment monitoring reports,,394,3,
